HH7_region,country_orig,name_orig,country_matched,NAME_1_matched,NAME_2_matched,NAME_3_matched,NAME_4_matched,NAME_1_matched_fuzz,NAME_2_matched_fuzz,NAME_3_matched_fuzz,NAME_4_matched_fuzz,accepted,level,substituted in Name_1 with NA from:,Aggregate
Alto Paran<e1>,NA,Alto Paran   Paraguay,Paraguay,,,,,Alto Paraná,,,,1,,,
Asunci<f3>n,NA,Asunci N  Paraguay,Paraguay,,,,,Asunción,,,,1,,,
ATTAPEU,Lao,Attapeu,Laos,,,,,Attapu,,,,1,,,
Attock,PakistanPunjab,Attock,Pakistan,,,,,,,Attok,,1,,,
Bafat<e1>,NA,Bafat   Guinea Bissau,Guinea-Bissau,,,,,Bafatá,,,,1,,,
Bahawalnagar,PakistanPunjab,Bahawalnagar,Pakistan,,,,,,,Bahawalnagar,,1,,,
Bahawalpur,PakistanPunjab,Bahawalpur,Pakistan,,,,,,,Bahawalpur,,1,,,
Bhakkar,PakistanPunjab,Bhakkar,Pakistan,,,,,,,Bhakkar,,1,,,
BOKEO,Lao,Bokeo,Laos,,,,,Bokeo,,,,1,,,
Bolama/Bijag<f3>s,NA,Bolama Bijag S  Guinea Bissau,Guinea-Bissau,,,,,Bolama,,,,1,,,
Boquer<f3>n,NA,Boquer N  Paraguay,Paraguay,,,,,Boquerón,,,,1,,,
BORIKHAMXAY,Lao,Borikhamxay,Laos,,,,,Bolikhamxai,,,,1,,,
Caaguaz<fa>,NA,Caaguaz   Paraguay,Paraguay,,,,,Caaguazú,,,,1,,,
CENTRAL GILBERT,Kiribati,Central Gilbert,Kiribati,,,,,,,,,1,,,
Chakwal,PakistanPunjab,Chakwal,Pakistan,,,,,,,Chakwal,,1,,,
CHAMPASACK,Lao,Champasack,Laos,,,,,Champasak,,,,1,,,
Chiniot,PakistanPunjab,Chiniot,Pakistan,,,,,,,Jhang,,1,,,Chiniot only makes up part of Jhang on the GADM map
DG Khan,PakistanPunjab,Dg Khan,Pakistan,,,,,,,Dera Ghazi Kha,,1,,,
EAST,SierraLeone,East,Sierra Leone,,,,,Eastern,,,,1,,,
Faisalabad,PakistanPunjab,Faisalabad,Pakistan,,,,,,,Faisalabad,,1,,,
Gab<fa>,NA,Gab   Guinea Bissau,Guinea-Bissau,,,,,Gabú,,,,1,,,
Gujranwala,PakistanPunjab,Gujranwala,Pakistan,,,,,,,Gujranwala,,1,,,
Gujrat,PakistanPunjab,Gujrat,Pakistan,,,,,,,Gujrat,,1,,,
Hafizabad,PakistanPunjab,Hafizabad,Pakistan,,,,,,,Hafizabad,,1,,,
HUAPHANH,Lao,Huaphanh,Laos,,,,,Houaphan,,,,1,,,
Itap<fa>a,NA,Itap A  Paraguay,Paraguay,,,,,Itapúa,,,,1,,,
Jhang,PakistanPunjab,Jhang,Pakistan,,,,,,,Jhang,,1,,,
Jhelum,PakistanPunjab,Jhelum,Pakistan,,,,,,,Jhelum,,1,,,
Kasur,PakistanPunjab,Kasur,Pakistan,,,,,,,Kasur,,1,,,
KHAMMUA,Laos,Khammua,Laos,,,,,Khammouan,,,,1,,,
Khanewal,PakistanPunjab,Khanewal,Pakistan,,,,,,,Khanewal,,1,,,
Khushab,PakistanPunjab,Khushab,Pakistan,,,,,,,Khushab,,1,,,
Lahore,PakistanPunjab,Lahore,Pakistan,,,,,,,Lahore,,1,,,
Layyah,PakistanPunjab,Layyah,Pakistan,,,,,,,Layyah,,1,,,
LINE AND PHOENIX GROUP,Kiribati,Line And Phoenix Group,Kiribati,,,,,,,,,1,,,
Lodhran,PakistanPunjab,Lodhran,Pakistan,,,,,,,Lodhran,,1,,,
Lom<e9> Commune,NA,Lom  Commune  Togo,Togo,,,,,,Golfe (incl Lomé),,,1,,,
LUANGNAMTHA,Lao,Luangnamtha,Laos,,,,,Louang Namtha,,,,1,,,
LUANGPRABANG,Lao,Luangprabang,Laos,,,,,Louangphrabang,,,,1,,,
Mandi Bahauddin,PakistanPunjab,Mandi Bahauddin,,,,,,,,Gujarat,,1,,,
Mianwali,PakistanPunjab,Mianwali,Pakistan,,,,,,,Mianwali,,1,,,
Multan,PakistanPunjab,Multan,Pakistan,,,,,,,Multan,,1,,,
Muzaffargarh,PakistanPunjab,Muzaffargarh,Pakistan,,,,,,,Muzaffargarh,,1,,,
NA,KosovoRoma,Na,,,,,,,,,,0,,,
Nankana Sahib,PakistanPunjab,Nankana Sahib,Pakistan,,,,,,,Nankana Sahib,,1,,,
Narowal,PakistanPunjab,Narowal,Pakistan,,,,,,,Narowal 1,,1,,,
NORTH,SierraLeone,North,Sierra Leone,,,,,Northern,,,,1,,,
NORTHERN GILBERT,Kiribati,Northern Gilbert,Kiribati,,,,,,,,,1,,,
Okara,PakistanPunjab,Okara,Pakistan,,,,,,,Okara,,1,,,
OUDOMXAY,Lao,Oudomxay,Laos,,,,,Oudômxai,,,,1,,,
Pakpattan,PakistanPunjab,Pakpattan,Pakistan,,,,,,,Pakpattan,,1,,,
PHONGSALY,Lao,Phongsaly,Laos,,,,,Phôngsali,,,,1,,,
Rajanpur,PakistanPunjab,Rajanpur,Pakistan,,,,,,,Rajan Pur,,1,,,
Rawalpindi,PakistanPunjab,Rawalpindi,Pakistan,,,,,,,Rawalpindi,,1,,,
RY Khan,PakistanPunjab,Ry Khan,Pakistan,,,,,,,Rahimyar Khan,,1,,,
Sahiwal,PakistanPunjab,Sahiwal,Pakistan,,,,,,,Sahiwal,,1,,,
SARAVANE,Lao,Saravane,Laos,,,,,Saravane,,,,1,,,
Sargodha,PakistanPunjab,Sargodha,Pakistan,,,,,,,Sargodha,,1,,,
SAVANNAKHET,Lao,Savannakhet,Laos,,,,,Savannakhét,,,,1,,,
SEKONG,Lao,Sekong,Laos,,,,,XÈkong,,,,1,,,found on GADM website but not in all_region_GADM
Sheikhupura,PakistanPunjab,Sheikhupura,Pakistan,,,,,,,Sheikhupura,,1,,,
Sialkot,PakistanPunjab,Sialkot,Pakistan,,,,,,,Sialkot,,1,,,
SOUTH TARAWA,Kiribati,South Tarawa,Kiribati,,,,,,,,,1,,,
SOUTH,SierraLeone,South,Sierra Leone,,,,,Southern,,,,1,,,
SOUTHERN GILBERT,Kiribati,Southern Gilbert,Kiribati,,,,,,,,,1,,,
TT Singh,PakistanPunjab,Tt Singh,Pakistan,,,,,,,Toba Tek Singh,,1,,,
Vehari,PakistanPunjab,Vehari,Pakistan,,,,,,,Vehari,,1,,,
VIENTIANE CAPITAL,Lao,Vientiane Capital,Laos,,,,,Vientiane [prefecture],,,,0,,,
VIENTIANE,Lao,Vientiane,Laos,,,,,Vientiane [prefecture],,,,1,,,
WEST,SierraLeone,West,Sierra Leone,,,,,Western,,,,1,,,
XAYABURY,Lao,Xayabury,,,,,,Xaignabouri,,,,1,,,
XAYSOMBOUNE,Lao,Xaysomboune,,,,,,XaisÙmboun,,,,1,,,
XIENGKHUANG,Lao,Xiengkhuang,,,,,,Xiangkhoang,,,,1,,,
